{
    "$schema": "https://schema.management.azure.com/schemas/2015-01-01/deploymentParameters.json#",
    "contentVersion": "1.0.0.0",
    "parameters": {
        "virtualMachines_vm_entrytask_name": {
            "value": null
        },
        "disks_vm_entrytask_disk1_b9bb2c4dde9d4bd8b2d333cdbc0ed9d8_externalid": {
            "value": null
        },
        "disks_vm_entrytask_DataDisk_0_externalid": {
            "value": null
        },
        "networkInterfaces_vm_entrytask922_z1_externalid": {
            "value": null
        }
    }
}