{
    "$schema": "https://schema.management.azure.com/schemas/2019-04-01/deploymentTemplate.json#",
    "contentVersion": "1.0.0.0",
    "parameters": {
        "virtualMachines_vm_entrytask_name": {
            "defaultValue": "vm-entrytask",
            "type": "String"
        },
        "disks_vm_entrytask_disk1_b9bb2c4dde9d4bd8b2d333cdbc0ed9d8_externalid": {
            "defaultValue": "/subscriptions/9fce91a3-2bc7-4905-a865-3610b8749826/resourceGroups/task1/providers/Microsoft.Compute/disks/vm-entrytask_disk1_b9bb2c4dde9d4bd8b2d333cdbc0ed9d8",
            "type": "String"
        },
        "disks_vm_entrytask_DataDisk_0_externalid": {
            "defaultValue": "/subscriptions/9fce91a3-2bc7-4905-a865-3610b8749826/resourceGroups/task1/providers/Microsoft.Compute/disks/vm-entrytask_DataDisk_0",
            "type": "String"
        },
        "networkInterfaces_vm_entrytask922_z1_externalid": {
            "defaultValue": "/subscriptions/9fce91a3-2bc7-4905-a865-3610b8749826/resourceGroups/task1/providers/Microsoft.Network/networkInterfaces/vm-entrytask922_z1",
            "type": "String"
        }
    },
    "variables": {},
    "resources": [
        {
            "type": "Microsoft.Compute/virtualMachines",
            "apiVersion": "2023-03-01",
            "name": "[parameters('virtualMachines_vm_entrytask_name')]",
            "location": "eastus",
            "zones": [
                "1"
            ],
            "identity": {
                "type": "SystemAssigned"
            },
            "properties": {
                "hardwareProfile": {
                    "vmSize": "Standard_B1s"
                },
                "storageProfile": {
                    "imageReference": {
                        "publisher": "MicrosoftWindowsServer",
                        "offer": "WindowsServer",
                        "sku": "2019-datacenter-gensecond",
                        "version": "latest"
                    },
                    "osDisk": {
                        "osType": "Windows",
                        "name": "[concat(parameters('virtualMachines_vm_entrytask_name'), '_disk1_b9bb2c4dde9d4bd8b2d333cdbc0ed9d8')]",
                        "createOption": "FromImage",
                        "caching": "ReadWrite",
                        "managedDisk": {
                            "storageAccountType": "StandardSSD_LRS",
                            "id": "[parameters('disks_vm_entrytask_disk1_b9bb2c4dde9d4bd8b2d333cdbc0ed9d8_externalid')]"
                        },
                        "deleteOption": "Delete",
                        "diskSizeGB": 127
                    },
                    "dataDisks": [
                        {
                            "lun": 0,
                            "name": "[concat(parameters('virtualMachines_vm_entrytask_name'), '_DataDisk_0')]",
                            "createOption": "Attach",
                            "caching": "None",
                            "writeAcceleratorEnabled": false,
                            "managedDisk": {
                                "storageAccountType": "Premium_LRS",
                                "id": "[parameters('disks_vm_entrytask_DataDisk_0_externalid')]"
                            },
                            "deleteOption": "Delete",
                            "diskSizeGB": 1024,
                            "toBeDetached": false
                        }
                    ],
                    "diskControllerType": "SCSI"
                },
                "osProfile": {
                    "computerName": "[parameters('virtualMachines_vm_entrytask_name')]",
                    "adminUsername": "entry task",
                    "windowsConfiguration": {
                        "provisionVMAgent": true,
                        "enableAutomaticUpdates": true,
                        "patchSettings": {
                            "patchMode": "AutomaticByOS",
                            "assessmentMode": "ImageDefault",
                            "enableHotpatching": false
                        },
                        "enableVMAgentPlatformUpdates": false
                    },
                    "secrets": [],
                    "allowExtensionOperations": true,
                    "requireGuestProvisionSignal": true
                },
                "securityProfile": {
                    "uefiSettings": {
                        "secureBootEnabled": true,
                        "vTpmEnabled": true
                    },
                    "securityType": "TrustedLaunch"
                },
                "networkProfile": {
                    "networkInterfaces": [
                        {
                            "id": "[parameters('networkInterfaces_vm_entrytask922_z1_externalid')]",
                            "properties": {
                                "deleteOption": "Detach"
                            }
                        }
                    ]
                },
                "diagnosticsProfile": {
                    "bootDiagnostics": {
                        "enabled": true
                    }
                }
            }
        }
    ]
}